earnings_0,earnings_1,earnings_2,financial_markets_0,financial_markets_1,financial_markets_2,economy_fiscal_0,economy_fiscal_1,economy_fiscal_2,economy_monetary_0,economy_monetary_1,economy_monetary_2,economy_macro_0,economy_macro_1,economy_macro_2,energy_transportation_0,energy_transportation_1,energy_transportation_2,finance_0,finance_1,finance_2,is_include_weekend,group_row_count,Date,Close,High,Low,Open,Volume
2,2,7,0,1,5,1,0,1,2,2,0,3,1,6,0,1,5,0,0,0,0,1,2025-01-03,536.0928344726562,536.565490751944,530.972171066441,531.9470546943717,6416300
3,8,17,4,7,19,3,0,2,0,1,0,1,3,10,2,3,17,0,0,0,0,1,2025-01-06,539.2144165039062,543.0155007875894,537.4911204572637,539.9136039659107,5983400
4,4,19,6,5,31,2,2,8,1,0,5,3,5,23,5,11,25,0,0,0,1,3,2025-01-07,533.1483764648438,541.2134043022847,531.3266304145934,540.9377081910179,5383200
1,13,16,1,12,18,0,0,7,2,2,3,3,5,14,1,4,33,2,4,27,0,1,2025-01-08,533.8673095703125,534.7141721030594,529.869264941797,533.0598150261357,4317000
2,12,19,8,4,17,0,1,4,1,2,1,10,10,26,3,8,13,4,7,40,0,1,2025-01-10,525.7431640625,530.5289888689639,523.8819899364989,530.4896208830268,7935200
1,2,13,2,3,11,1,0,7,1,0,1,2,2,15,0,2,18,2,2,21,0,1,2025-01-13,526.4226684570312,526.7475895936792,520.9475128996966,521.3217191514115,5621000
8,19,24,6,16,24,0,0,7,1,0,3,7,13,17,7,14,32,4,7,47,1,3,2025-01-14,527.09228515625,529.7018117928087,523.6949179237954,529.1208484727042,8820000
6,8,28,6,4,23,1,1,10,1,1,4,4,6,16,5,6,13,1,4,41,0,1,2025-01-15,536.73291015625,537.7964469485314,533.4931348686354,534.5566716609167,5307300
6,3,23,4,4,26,1,1,15,1,0,6,4,6,29,0,8,35,2,3,36,0,1,2025-01-16,535.9352416992188,538.170622207767,535.0982361883013,538.0130300456511,3632800
1,12,26,1,10,32,3,1,11,2,4,1,3,7,20,1,9,35,5,15,47,0,1,2025-01-17,541.0756225585938,542.7102656021099,539.3227553408453,540.5438241378477,6558700
3,8,17,4,10,24,0,2,17,0,2,3,3,8,22,3,4,24,5,5,43,0,1,2025-01-21,545.999267578125,545.999267578125,542.0996733585615,543.8919083739461,5301700
9,5,27,9,6,46,0,2,29,2,2,4,8,10,37,6,4,50,10,4,60,1,4,2025-01-22,549.1011962890625,550.4010611047578,548.2346197452656,548.6876220625494,4780000
1,13,19,4,11,20,3,2,14,0,5,3,2,13,20,1,5,27,5,10,45,0,1,2025-01-23,552.1441040039062,552.1441040039062,548.3035913611121,548.5399195045825,6217900
6,12,19,4,7,20,1,1,13,0,2,2,1,9,13,2,4,20,4,16,35,0,1,2025-01-24,550.4798583984375,553.0893849544879,549.5049748104619,552.203154467145,3612100
6,17,35,10,16,43,1,1,10,1,1,2,5,6,11,3,5,17,5,9,26,0,1,2025-01-27,542.8185424804688,542.9761346348199,538.485719896555,538.5841699151772,7617400
10,16,31,11,12,43,1,1,14,0,0,1,4,5,21,3,6,34,3,5,29,1,3,2025-01-28,547.3680419921875,548.1558825602964,540.8392069638542,543.8722248604423,4164700
10,11,31,11,10,41,1,1,8,2,0,1,6,6,24,1,7,28,4,6,37,0,1,2025-01-29,544.9652709960938,547.0234053033014,542.5625015191425,546.6984240750484,4174500
10,18,26,13,11,34,0,0,7,2,1,2,6,6,22,4,1,27,1,12,43,0,1,2025-01-30,547.8112182617188,549.2686753120945,543.9510516956591,546.8954166584949,4296500
11,22,43,11,10,52,1,0,13,0,0,6,7,8,26,2,3,28,4,9,38,0,1,2025-01-31,544.8865356445312,552.3311722121412,544.2760012779022,550.0957918061882,6233900
15,43,47,11,20,47,1,0,16,1,3,2,9,12,24,1,12,35,9,9,53,0,1,2025-02-03,541.3119506835938,543.5374741830069,534.6944622205689,536.6738005559549,7824000
17,39,70,14,16,69,2,2,19,4,3,0,12,24,37,5,14,55,6,16,77,1,3,2025-02-04,544.90625,545.3789664132626,540.8491230669994,541.3119824565143,4181400
0,0,0,0,0,0,2,2,13,3,2,2,4,4,13,1,5,18,0,0,0,0,1,2025-02-05,547.1415405273438,547.2498475631204,542.0110206156203,543.9116227717398,3424200
0,0,0,0,0,0,2,3,10,1,2,4,2,9,10,2,5,21,0,0,0,0,1,2025-02-06,549.1110229492188,549.1405940156616,545.7333700612322,548.7860417373151,3606300
0,0,0,0,0,0,1,4,8,1,0,1,1,4,11,0,4,15,0,0,0,0,1,2025-02-07,543.7737426757812,550.6669265124077,543.3699653929403,549.5836758472334,10161600
0,0,0,0,0,0,2,1,12,1,2,3,5,9,11,4,3,13,0,0,0,0,1,2025-02-10,547.6635131835938,548.2839045749407,545.7826249641777,546.9643257145432,3517600
0,0,0,0,0,0,2,0,13,0,1,6,9,14,27,0,4,13,0,0,0,1,3,2025-02-11,548.1558837890625,548.6186830252569,545.5364401122018,545.6447471542308,2752900
0,0,0,0,0,0,0,4,16,1,2,4,3,14,26,3,3,17,0,0,0,0,1,2025-02-12,546.3439331054688,547.436980753007,541.9913964568502,542.5920738014833,3579500
0,0,0,6,16,16,1,3,31,2,2,4,8,17,36,3,6,38,0,0,0,0,1,2025-02-13,552.1144409179688,552.3212580609371,546.2355689656233,547.387698524926,3388500
0,0,0,7,29,53,1,4,29,0,2,3,12,16,39,9,14,42,0,0,0,0,1,2025-02-14,552.1341552734375,553.2862848333916,551.5236209696129,552.3409724165227,3380600
0,0,0,19,26,45,3,5,21,3,2,2,14,26,38,10,15,49,0,0,0,0,1,2025-02-18,553.7295532226562,553.7295532226562,550.9525771729612,553.2273258376109,3844900
0,0,0,26,32,73,5,3,37,3,2,9,11,23,46,11,20,74,0,0,0,1,4,2025-02-19,555.0687255859375,555.3149107396688,551.9766857339577,552.4591990186635,3857600
9,13,22,17,20,34,3,2,16,4,2,2,13,15,36,7,10,45,6,7,36,0,1,2025-02-20,552.7349243164062,553.8969110909052,549.7019062332561,553.8083180890114,4446800
16,39,56,7,23,42,6,3,23,0,1,5,9,17,34,5,11,53,11,19,95,0,1,2025-02-21,543.33056640625,552.6363760754703,542.8579102033503,552.5378659640063,6148700
21,50,65,11,18,30,3,1,21,0,0,3,12,19,28,9,12,40,11,23,77,0,1,2025-02-24,540.760498046875,546.0485505591995,540.1401066255364,545.1622599276301,4772300
16,32,40,17,18,51,5,4,30,2,4,2,9,14,26,8,12,44,15,18,65,1,3,2025-02-25,538.0720825195312,541.3808566003912,533.8967920098371,540.7998332031837,5491500
12,25,42,11,16,32,1,3,12,1,2,6,8,16,23,8,8,31,13,19,65,0,1,2025-02-26,538.4069213867188,542.9367040912065,535.9450698943241,539.6477041554931,4180800
16,45,62,15,17,32,4,2,23,2,2,2,6,14,24,5,11,40,6,24,82,0,1,2025-02-27,529.7608032226562,541.4890959100605,529.3964540560781,540.4551304345339,5521400
21,50,54,16,23,31,4,7,19,4,2,5,12,18,33,7,13,36,12,27,84,0,1,2025-02-28,537.9933471679688,538.5447994981163,527.4073857506144,530.2040153878639,7328100
20,61,93,16,20,45,7,6,31,0,4,5,22,27,38,8,14,64,22,29,107,0,1,2025-03-03,528.7269897460938,540.9082280863677,525.1130080015714,539.8348943207358,7290000
16,40,64,12,14,64,5,7,28,0,1,5,15,15,35,5,12,57,18,14,95,1,3,2025-03-04,522.3556518554688,530.0661874137345,518.1310763075224,524.9258103402923,10477400
0,0,0,0,0,0,5,4,23,5,0,3,6,4,16,2,6,24,0,0,0,0,1,2025-03-05,528.2149047851562,529.5836485996203,518.8893796448231,522.158725791039,6221700
0,0,0,0,0,0,4,8,30,1,1,1,5,11,18,1,9,31,0,0,0,0,1,2025-03-06,518.6333618164062,525.2902184902674,516.2207351077362,521.1149275857586,7228900
0,0,0,0,0,0,7,3,26,3,1,4,1,4,17,3,2,20,0,0,0,0,1,2025-03-07,521.4299926757812,522.779082458309,512.193121252881,516.8903530395737,7308300
0,0,0,0,0,0,2,9,24,3,0,2,8,9,21,2,0,15,0,0,0,0,1,2025-03-10,507.6436462402344,515.7086743159493,503.03503730275526,513.9361532220796,11176900
0,0,0,0,0,0,3,3,36,3,3,4,6,10,14,4,5,15,0,0,0,1,3,2025-03-11,503.47821044921875,509.63286971176814,499.7854329228294,506.4816875351557,11208900
0,0,0,0,0,0,4,3,24,1,1,4,4,7,15,3,1,19,0,0,0,0,1,2025-03-12,505.9203186035156,509.8395667904353,501.3314239978349,509.0025613578037,8590600
0,0,0,0,0,0,7,3,20,1,1,1,8,13,17,6,8,30,0,0,0,0,1,2025-03-13,499.312744140625,506.2157858461618,497.70764209392826,505.6741904990316,21650000
0,0,0,0,0,0,0,4,28,5,2,5,9,16,36,2,11,42,0,0,0,0,1,2025-03-14,509.5638122558594,510.50912461654076,503.04480526702395,503.4780934669319,7412300
0,0,0,2,0,6,2,0,16,0,1,9,6,14,27,3,8,36,0,0,0,0,1,2025-03-17,513.45361328125,515.8465860332356,509.18972939690383,509.5540786414544,6269800
5,6,23,23,12,60,1,1,24,3,0,2,6,17,31,3,7,30,0,0,0,1,3,2025-03-18,508.0375061035156,511.59246541559855,506.2256170233923,511.39550527111624,6010600
4,13,39,7,13,25,1,1,16,0,2,4,6,10,21,4,7,42,0,0,0,0,1,2025-03-19,513.3748779296875,516.9494914230764,508.5397675101905,509.64267226863427,5373900
13,23,34,14,9,31,6,4,25,1,2,8,9,13,31,7,8,44,0,0,0,0,1,2025-03-20,512.193115234375,516.6145907576619,509.4259966489717,510.0562450359162,6029700
8,26,33,9,17,33,2,4,17,3,1,3,6,10,29,2,9,47,0,0,0,0,1,2025-03-21,512.3211059570312,513.0005793112365,506.80652305374196,507.91928463532145,5059000
12,21,56,12,11,39,0,2,28,2,0,5,8,12,30,8,3,22,2,7,49,0,1,2025-03-24,521.3118896484375,522.2966303409771,517.8554402010153,518.4462605750182,22376300
13,17,46,14,12,52,5,6,33,4,2,7,14,21,35,6,15,38,10,12,68,1,3,2025-03-25,522.5526123046875,523.4880677717315,521.0360733465499,522.4935302740975,6260200
11,11,37,8,5,40,0,5,16,0,1,6,5,7,21,2,5,25,7,4,90,0,1,2025-03-26,516.45703125,523.300929734499,515.1177384730117,522.4639243396987,4410200
11,21,35,9,15,31,0,2,15,2,1,4,9,5,26,7,8,44,8,12,69,0,1,2025-03-27,515.0360717773438,518.4649392295772,513.0794846912622,515.1150807192003,5534900
12,18,35,18,12,37,4,3,19,1,1,5,7,8,23,4,6,28,11,5,71,0,1,2025-03-28,504.7493896484375,514.2949974650073,504.11698634547014,513.6032771386773,5831800
17,25,47,16,14,25,2,8,33,1,2,8,14,10,38,5,10,37,10,15,72,0,1,2025-03-31,507.8225402832031,509.22576334036603,496.6860781566683,499.32443424003424,8196700
32,20,69,25,16,68,7,3,21,7,3,7,19,13,36,8,11,42,24,10,111,1,3,2025-04-01,509.6900939941406,511.2217214516525,502.85208154088895,506.2908400019048,7697000
17,32,60,15,10,80,0,4,17,1,1,8,7,14,43,8,11,54,14,24,142,0,1,2025-04-02,512.7633666992188,515.3128229008657,503.88975613793747,504.0972903526442,6308600
13,25,60,22,15,118,2,0,40,6,4,18,11,19,62,2,23,104,12,11,130,0,1,2025-04-03,488.3065185546875,497.6939879813744,487.6543328494714,495.0654929231716,16226000
0,0,0,0,0,0,3,3,26,0,2,1,7,9,20,5,9,24,0,0,0,0,1,2025-04-04,460.0057373046875,477.57512560329974,458.74090057132383,475.57906408604833,30966500
0,0,0,0,0,0,9,5,31,0,3,1,1,5,19,1,3,18,0,0,0,0,1,2025-04-07,458.0689697265625,475.06524186491333,437.55486942684627,444.21505231157107,31285300
0,0,0,0,0,0,14,6,30,2,3,4,13,6,20,4,4,20,0,0,0,1,3,2025-04-08,451.3297424316406,476.7747245135711,444.2743339549422,473.9980123765347,19002700
0,0,0,0,0,0,5,4,18,2,1,3,6,9,23,1,5,19,0,0,0,0,1,2025-04-09,493.18798828125,496.1129175804031,447.7921615759029,448.11823933936773,29286600
0,0,0,0,0,0,2,0,28,1,0,1,5,1,13,3,6,31,0,0,0,0,1,2025-04-10,476.349853515625,484.4922386149769,462.7824785929415,483.35586673822183,16651300
0,0,0,0,0,0,6,4,21,1,1,4,7,6,17,4,5,32,0,0,0,0,1,2025-04-11,484.7392883300781,487.1602794689823,472.3379585926441,474.9960972156212,11541200
0,0,0,0,0,0,4,5,22,1,2,3,4,10,12,2,4,17,0,0,0,0,1,2025-04-14,489.6108703613281,494.334248319601,484.87760120673835,494.1267141334639,7701500
0,0,0,0,0,0,2,4,20,0,2,2,7,8,14,3,2,18,0,0,0,1,3,2025-04-15,488.2373352050781,493.3559691364474,487.57528846640275,490.15435766921195,8200600
0,0,0,0,0,0,3,3,14,0,1,5,4,4,12,1,6,16,0,0,0,0,1,2025-04-16,477.5059814453125,485.94480042748773,472.56520820493915,482.86176275046864,6374900
0,0,0,0,0,0,0,6,22,0,0,5,2,8,16,2,5,28,0,0,0,0,1,2025-04-17,478.16802978515625,482.3775782501025,475.7964646529942,479.0475018998311,5638900
0,0,0,0,0,0,5,6,23,1,1,3,16,6,15,7,1,17,0,0,0,0,1,2025-04-21,466.7746276855469,473.81028427741745,461.7943195872219,473.3458503652867,7762500
0,0,0,0,0,0,2,2,13,0,1,1,4,5,16,1,5,18,0,0,0,1,3,2025-04-22,478.55340576171875,480.717466775718,471.5375019813061,472.407082865335,6236300
0,0,0,0,0,0,0,4,19,0,1,5,2,4,5,4,7,24,0,0,0,0,1,2025-04-23,486.24127197265625,495.24334647234707,484.88750491011984,490.8065416880457,8047600
0,0,0,0,0,0,4,6,21,4,2,3,15,7,13,7,7,21,0,0,0,0,1,2025-04-24,496.45880126953125,497.0418089177221,486.38950256902916,487.4171918900189,6184300
0,0,0,0,0,0,6,10,14,1,3,3,7,10,17,4,8,34,0,0,0,0,1,2025-04-25,500.1149597167969,500.52010676169687,493.83031031260333,496.48844886264095,6933400
0,0,0,4,12,80,5,12,32,3,4,3,13,15,32,6,6,41,0,0,0,0,1,2025-04-28,500.4212951660156,502.71379105391736,495.02594902102874,500.806659801465,4210000
27,39,349,34,60,487,6,9,20,3,0,4,17,20,60,5,11,78,24,36,421,1,3,2025-04-29,503.45489501953125,504.50233651948554,498.2868655816271,498.5635476730097,6525500
12,24,53,11,12,46,1,4,15,1,1,2,11,7,24,5,4,45,7,11,85,0,1,2025-04-30,503.70196533203125,505.44112724777824,491.86389136813807,497.2987421987593,7873700
20,32,65,13,17,35,2,10,24,0,1,5,13,25,33,8,13,40,11,21,75,0,1,2025-05-01,507.2691650390625,512.2988987408181,506.6960787672946,509.0281092644717,5784500
35,71,75,25,25,48,6,15,19,0,1,5,28,38,52,17,19,49,12,32,104,0,1,2025-05-02,514.5420532226562,516.221867955319,510.7672950482643,512.9708607194034,6285400
38,77,83,20,31,40,14,26,54,0,6,4,50,56,71,12,53,96,21,40,100,0,1,2025-05-05,511.85418701171875,514.6802946674421,510.15459006480927,510.95499287114126,4793500
0,0,0,0,0,0,5,7,29,0,2,7,14,20,26,9,11,33,0,0,0,1,3,2025-05-06,507.4964904785156,511.6961478108927,505.8759023506295,506.8146613461839,4694300
0,0,0,0,0,0,2,4,23,1,1,1,8,12,16,2,3,22,0,0,0,0,1,2025-05-07,509.7890319824219,512.041993327815,505.0458713461905,508.8205993676989,5460000
0,0,0,0,0,0,8,7,22,2,1,4,11,11,20,4,15,45,0,0,0,0,1,2025-05-08,513.1882934570312,518.0203241500598,510.23366021289115,513.3858761492235,5088200
0,0,0,0,0,0,7,6,17,1,0,6,5,13,17,3,6,49,0,0,0,0,1,2025-05-09,512.5064697265625,515.451151492689,511.23171153778543,514.5222836432683,4739500
0,0,0,0,0,0,4,14,22,1,2,2,10,24,24,3,20,35,0,0,0,0,1,2025-05-12,529.5718383789062,529.5718383789062,524.1073743694976,528.1686756229391,7793600
0,0,0,0,0,0,10,5,19,4,2,3,8,13,19,6,9,28,0,0,0,1,3,2025-05-13,533.0501098632812,535.0659234971846,529.4334906323021,529.9769635896997,7356800
0,0,0,0,0,0,0,3,14,0,1,3,3,10,24,4,7,35,0,0,0,0,1,2025-05-14,533.7122192382812,535.006699479632,531.8643747787694,533.9691491096019,5031300
0,0,0,0,0,0,6,7,19,0,2,2,6,14,19,6,6,29,0,0,0,0,1,2025-05-15,536.330810546875,536.8149966601369,531.4691067098139,531.8841147622995,7362200
0,0,0,0,0,0,3,2,23,3,1,1,3,11,21,1,6,32,0,0,0,0,1,2025-05-16,539.789306640625,539.9967804934581,535.2833243676552,537.0323168846052,7255300
9,20,24,0,0,0,6,6,8,1,3,7,11,10,26,1,9,29,0,0,0,0,1,2025-05-19,540.3427124023438,540.9652546331437,534.1766372707747,534.2260329389616,7766100
17,55,48,12,25,57,7,5,22,1,1,3,4,6,23,5,5,20,0,0,0,1,3,2025-05-20,538.42578125,539.5917966527187,535.5699994614141,538.7617201003152,7158200
12,28,37,10,19,42,8,1,18,2,2,2,11,11,20,4,5,15,11,12,41,0,1,2025-05-21,529.4236450195312,538.2379677581171,528.4848860238346,534.5027141685581,6339500
5,29,40,11,22,41,5,8,19,1,1,2,9,11,30,3,7,31,9,11,79,0,1,2025-05-22,529.670654296875,532.8425920008434,528.1093531228822,529.2555859351714,5816600
17,21,48,16,15,64,3,4,9,2,3,2,12,12,22,1,7,25,12,12,84,0,1,2025-05-23,526.0935668945312,528.4749930958577,522.8424994523051,523.1587161820393,6455900
16,31,50,17,23,51,4,6,24,0,0,2,11,12,18,2,4,22,11,11,84,0,1,2025-05-27,536.9039916992188,537.0818523045986,530.8169250805144,532.3386615791028,6118100
14,31,54,23,36,76,5,10,23,1,4,0,10,22,40,9,13,51,21,21,99,1,4,2025-05-28,533.8406372070312,538.4454714674711,533.2180949773488,537.3485740124007,4910500
12,25,47,12,18,48,3,3,13,3,2,3,14,8,18,5,14,32,16,15,90,0,1,2025-05-29,535.8960571289062,538.8210167150148,532.3584464617888,538.6925517807217,4659500
13,38,48,10,22,53,3,7,16,2,3,5,17,12,27,3,4,38,5,16,84,0,1,2025-05-30,535.3426513671875,536.9533482070739,529.8089493617799,534.9374742021176,6171500
25,38,44,15,36,62,13,4,21,2,2,3,17,23,30,4,15,52,11,24,88,0,1,2025-06-02,538.4552612304688,538.4552612304688,531.4294969602212,533.8504876338585,5933500
14,34,55,23,27,113,4,4,30,1,2,7,11,12,34,9,18,51,17,15,101,1,3,2025-06-03,541.5087280273438,542.3684177158441,537.6450700271317,538.0798604694215,4993600
0,0,0,0,0,0,6,5,29,0,0,1,2,9,16,4,7,30,0,0,0,0,1,2025-06-04,541.1629638671875,543.1392733339721,540.9554296607909,542.2499099490476,4543400
0,0,0,0,0,0,6,4,26,1,1,7,9,12,22,1,12,35,0,0,0,0,1,2025-06-05,538.6332397460938,544.1075947443031,536.903969124517,542.9711927823978,6372100
0,0,0,0,0,0,1,5,17,2,0,3,6,6,14,4,4,30,0,0,0,0,1,2025-06-06,544.1372680664062,545.7776387261326,542.2005233563124,543.7815468313498,4736000
0,0,0,0,0,0,11,2,30,2,3,2,7,2,18,1,9,25,0,0,0,0,1,2025-06-09,544.72021484375,546.1530510540722,543.6826645921958,544.7696105105537,4516400
0,0,0,0,0,0,5,3,17,1,1,5,7,9,24,3,4,19,0,0,0,1,3,2025-06-10,547.8231201171875,548.1689501508953,544.216331195703,545.2440507238474,5984100
0,0,0,0,0,0,4,2,20,0,0,2,2,5,14,1,2,20,0,0,0,0,1,2025-06-11,546.3111572265625,549.6412335227296,544.3842436251888,548.8309394842792,20800600
0,0,0,0,0,0,5,0,20,2,3,2,4,9,16,0,7,19,0,0,0,0,1,2025-06-12,548.3764038085938,548.4257994758423,544.6016460233897,545.0660497325637,8422900
0,0,0,0,0,0,4,0,23,1,0,2,5,4,16,2,3,30,0,0,0,0,1,2025-06-13,542.2696533203125,546.6965669074394,540.9257171423568,543.7222117240232,7100600
0,0,0,0,0,0,0,1,12,1,0,1,5,7,17,2,9,29,0,0,0,0,1,2025-06-16,547.5068359375,549.1076415922383,545.3328837174321,545.4020617780901,7421300
0,0,0,0,0,0,2,0,14,0,3,3,12,12,30,2,7,26,0,0,0,1,3,2025-06-17,542.8427124023438,546.6075790645245,542.141161227064,545.2538120699983,4753300
0,0,0,0,0,0,3,3,7,1,1,2,9,9,25,2,9,29,0,0,0,0,1,2025-06-18,542.7340087890625,546.1629365245302,541.8941015256969,543.6430941100958,4602300
0,0,0,0,0,0,9,4,21,1,0,2,8,6,23,3,1,23,0,0,0,0,1,2025-06-20,541.2319946289062,546.1727675017131,540.1450487217563,545.1846129271516,9978500
0,0,0,0,0,0,4,7,31,2,2,6,10,23,57,7,9,30,0,0,0,1,2,2025-06-23,546.8052978515625,547.1412970038394,539.2854546808218,542.1609584652606,9820200
160,59,57,6,12,21,4,6,21,1,4,5,45,28,48,0,18,44,0,0,0,1,3,2025-06-24,552.8132934570312,553.7915570055205,549.7796511496664,550.5800540813557,6770000
4,29,58,12,123,114,2,1,14,1,3,8,6,17,36,10,7,56,0,1,4,0,1,2025-06-25,553.0899658203125,554.374615287097,551.7263677078932,553.880537895928,16472300
3,17,51,7,22,61,2,3,17,2,2,3,7,13,31,6,15,54,9,12,120,0,1,2025-06-26,557.4674682617188,557.8626939332373,554.315252525122,554.8686167149866,6081400
15,17,54,25,19,81,1,2,10,1,0,6,12,12,22,2,14,53,6,11,134,0,1,2025-06-27,560.2342529296875,561.5979110792872,556.5385644389811,558.416021959498,6056500
9,21,70,11,22,77,3,4,17,0,4,6,8,15,32,1,12,54,8,8,120,0,1,2025-06-30,563.034423828125,564.1445690193511,560.4077053587704,562.5090559349038,5750600
9,19,102,13,16,92,2,4,15,1,1,4,4,10,39,6,5,35,9,12,146,1,3,2025-07-01,562.7767333984375,563.797643544966,560.8240272177263,561.5773530337011,7412700
11,20,80,17,27,95,2,0,23,3,2,9,13,13,43,3,9,65,11,24,140,0,1,2025-07-02,565.2745361328125,565.3241448041769,561.8251605151165,562.38023314898,6164000
2,23,110,7,20,100,2,0,52,4,2,16,4,18,60,2,14,51,8,27,190,0,1,2025-07-03,570.1611938476562,570.6072484185595,567.0984027576593,567.1479509325636,4837000
0,0,0,0,0,0,3,1,17,1,3,5,3,7,19,0,0,0,0,0,0,0,1,2025-07-07,565.5917358398438,568.5455692643161,562.9848606271348,567.9607314207037,6417800
0,0,0,0,0,0,1,4,16,0,4,5,3,12,11,3,3,11,0,0,0,1,4,2025-07-08,565.2151489257812,566.8011141820009,564.4717447271001,566.1271016350032,6944600
0,0,0,0,0,0,3,3,13,2,3,4,4,4,14,5,4,25,0,0,0,0,1,2025-07-09,568.5653076171875,569.2096153182008,565.7403964630923,567.425457720963,7156500
0,0,0,0,0,0,2,2,17,2,0,3,7,7,21,5,8,27,0,0,0,0,1,2025-07-10,570.2305908203125,571.1920916153225,567.6634024521345,568.7339213326292,4961700
0,0,0,0,0,0,1,2,16,2,4,3,7,8,12,4,8,25,0,0,0,0,1,2025-07-11,568.1787109375,569.328543041308,566.3450052094973,567.4155239444696,4428900
0,0,0,0,0,0,1,5,15,2,1,4,6,7,11,6,7,34,0,0,0,0,1,2025-07-14,569.298828125,569.6259428642626,566.553230157189,567.8120199444716,4747000
0,0,0,0,0,0,5,1,17,4,2,3,4,6,17,3,8,23,0,0,0,1,3,2025-07-15,566.8307495117188,572.0841264397172,566.8208277772086,571.7768551618074,5399000
0,0,0,0,0,0,2,2,23,0,3,5,2,1,17,3,6,26,0,0,0,0,1,2025-07-16,568.6942138671875,569.2096600685217,563.1731921667705,568.3572378881463,6141200
0,0,0,0,0,0,2,5,19,0,1,6,2,6,16,2,11,19,0,0,0,0,1,2025-07-17,572.1039428710938,572.569840882386,568.7536636775687,568.971760331342,6495300
0,0,0,0,0,0,5,3,18,3,0,6,3,5,25,6,6,23,0,0,0,0,1,2025-07-18,571.8462524414062,573.4123740499226,570.7757940746163,573.3826088460987,4262400
0,0,0,0,0,0,2,3,29,1,1,2,7,14,9,3,6,28,0,0,0,0,1,2025-07-21,572.8672485351562,575.4245757437644,572.5104290637369,572.8969532419156,5913800
0,0,0,0,0,0,4,3,26,4,3,6,5,16,21,1,9,35,0,0,0,1,3,2025-07-22,572.8672485351562,573.7494359770413,570.5775661793049,573.1943632998162,4767700
0,0,0,0,0,0,2,4,21,0,1,8,4,7,17,3,7,39,0,0,0,0,1,2025-07-23,577.7340087890625,577.8331656356169,573.7791086225254,575.4641700301397,4257300
0,0,0,0,0,0,5,4,26,1,4,4,14,15,18,8,8,33,0,0,0,0,1,2025-07-24,578.1304931640625,579.6073795862175,577.5952035088426,578.2098065386097,3840900
0,0,0,0,0,0,6,3,24,1,6,3,11,13,23,5,5,40,0,0,0,0,1,2025-07-25,580.4301147460938,580.8860305422963,578.457625545007,578.6756617086899,4210100
0,0,0,0,0,0,5,5,22,2,6,2,10,32,25,6,20,47,0,0,0,0,1,2025-07-28,580.2913208007812,581.3419961573624,579.101862161653,580.8860198711557,4193100
0,0,0,0,0,0,2,7,21,2,2,5,8,16,22,2,10,29,0,0,0,1,3,2025-07-29,578.7847290039062,581.9169724274284,577.9917766619565,581.6592493041579,5053400
0,0,0,0,0,0,3,3,22,0,3,2,6,13,22,6,11,51,9,22,121,0,1,2025-07-30,578.0809936523438,580.9951403038705,575.4443530875233,579.5181932590134,6974700
53,105,76,137,210,43,4,7,9,2,2,1,16,22,29,4,14,59,18,40,102,0,1,2025-07-31,575.9102172851562,582.9873783099143,574.7406020990009,582.660324066064,7046800
28,107,103,18,53,71,10,12,20,0,5,9,13,22,18,5,20,33,15,39,131,0,1,2025-08-01,566.4243774414062,570.6766271246124,564.2833397489643,570.66670539018,8781300
33,132,141,30,58,200,4,10,16,2,1,3,37,47,50,4,26,48,20,58,230,0,1,2025-08-04,575.0379638671875,575.1073555108563,570.0224665393055,570.11164115375,6640100
39,83,100,26,48,106,6,18,43,10,4,10,54,50,67,8,16,40,16,43,136,1,3,2025-08-05,572.2724609375,576.3859878879013,571.3308641281337,575.6822102161358,4647400
0,0,0,0,0,0,4,3,18,3,4,5,5,20,21,0,0,0,0,0,0,0,1,2025-08-06,576.5247802734375,577.1492445769367,572.3319398787457,573.1645791162055,4545000
0,0,0,0,0,0,3,8,20,0,1,6,31,21,33,4,15,32,0,0,0,0,1,2025-08-07,576.1777954101562,580.3706356109889,573.2240225226957,579.726327867841,4594300
0,0,0,0,0,0,3,5,14,0,3,4,14,19,26,11,24,51,0,0,0,0,1,2025-08-08,580.5886840820312,581.0148951756205,577.4762843771637,577.8033991228041,4342300
0,0,0,0,0,0,3,10,28,1,3,5,8,26,29,6,23,56,0,0,0,0,1,2025-08-11,579.3992309570312,582.1944376774672,578.3089291256416,580.8761779445863,5373900
0,0,0,0,0,0,1,8,12,2,6,9,13,24,24,6,22,24,0,0,0,1,3,2025-08-12,585.5844116210938,585.7628213504628,580.2814259215887,581.5898244353438,5851900
0,0,0,0,0,0,6,11,22,2,2,3,5,15,16,6,19,37,0,0,0,0,1,2025-08-13,587.626220703125,588.8057575184446,585.6140447541314,587.6460036717156,5393000
0,0,0,0,0,0,6,7,16,6,8,8,11,14,20,4,15,42,0,0,0,0,1,2025-08-14,587.6361694335938,588.2903989571143,585.3068606565832,585.7231500362158,6236700
0,0,0,0,0,0,3,5,14,2,8,3,4,14,13,7,11,32,0,0,0,0,1,2025-08-15,586.367431640625,588.7265055171714,585.4654007769201,588.6372704049,7196300
0,0,0,0,0,0,5,5,13,6,1,6,8,16,18,5,8,36,0,0,0,0,1,2025-08-18,586.1592407226562,586.8134701991173,585.1581135378514,585.7825778115737,5311700
0,0,0,0,0,0,5,4,25,2,2,5,12,11,16,8,6,33,0,0,0,1,3,2025-08-19,582.9577026367188,586.9126029500222,581.7781656574542,586.0502589944169,6739300
0,0,0,0,0,0,2,2,22,1,2,7,3,6,5,1,5,47,0,0,0,0,1,2025-08-20,581.4213256835938,582.8288205214969,576.7328826381186,582.6404890609169,7113600
0,0,0,0,0,0,5,9,15,3,1,7,6,7,15,3,6,29,0,0,0,0,1,2025-08-21,579.131591796875,581.3023340179942,577.525843907102,579.7857607341109,4807300
0,0,0,0,0,0,1,6,13,5,4,5,7,10,16,3,12,41,0,0,0,0,1,2025-08-22,587.9930419921875,589.0932655879751,580.6878622280088,581.1140733372315,6389300
0,0,0,0,0,0,1,3,21,4,2,8,20,12,23,2,9,41,12,11,47,0,1,2025-08-25,585.5050659179688,588.012784223769,585.356360902513,586.8431690635549,6483000
11,43,50,0,0,0,4,7,22,3,7,8,3,12,14,1,5,30,7,30,108,1,3,2025-08-26,587.8442993164062,588.2110404915132,584.6030381488821,585.187875981241,4776600
9,28,59,0,0,0,2,3,16,1,4,4,3,7,14,2,7,30,8,16,102,0,1,2025-08-27,589.1922607421875,589.9059600455101,587.2296935302024,587.3090068968767,6171400
16,40,58,0,0,0,2,2,16,2,6,8,7,8,16,5,4,36,12,23,109,0,1,2025-08-28,591.27392578125,591.8190767080134,588.0525078977411,589.8366657027772,5058700
188,90,75,442,114,64,3,6,12,4,5,4,11,10,16,4,11,23,13,25,138,0,1,2025-08-29,587.8641357421875,590.3123841249704,586.0502128584033,590.0051128603625,7512000
17,59,72,16,44,70,3,3,14,1,3,4,12,24,30,2,6,26,19,33,98,0,1,2025-09-02,583.5325927734375,583.6217673864533,578.5368784963725,580.9058740842105,11116700
21,72,92,34,73,142,3,4,24,4,10,21,16,44,59,5,14,47,12,38,139,1,4,2025-09-03,586.5160522460938,587.0215766987938,583.6019663392423,585.614081917551,8205900
0,0,0,0,0,0,3,3,27,3,7,6,7,11,21,0,0,0,0,0,0,0,1,2025-09-04,591.34326171875,591.5216714326083,586.3970959079976,587.2594397741676,8045600
0,0,0,0,0,0,2,2,18,1,4,4,7,8,20,3,6,21,0,0,0,0,1,2025-09-05,589.7276000976562,594.3267472804405,586.2484593840697,593.6428131188092,6641500
0,0,0,0,0,0,4,2,16,4,4,6,12,10,27,4,3,37,0,0,0,0,1,2025-09-08,591.2540893554688,592.1560597543082,589.7970462884857,591.0657578877923,9472200
0,0,0,0,0,0,5,3,22,2,9,6,6,15,23,5,6,29,0,0,0,1,3,2025-09-09,592.6913452148438,593.1076345883802,589.7771986033229,591.3631032157169,7844800
0,0,0,0,0,0,4,4,15,4,3,7,4,5,19,5,8,25,0,0,0,0,1,2025-09-10,594.4060668945312,596.4578694009673,592.8994152766546,595.6351519519028,21641100
0,0,0,0,0,0,2,3,15,1,1,8,11,17,16,4,4,44,0,0,0,0,1,2025-09-11,599.2531127929688,599.9072817997485,595.6054838346989,596.1407130220641,9109700
0,0,0,0,0,0,5,2,7,2,6,10,8,9,16,3,10,33,0,0,0,0,1,2025-09-12,599.124267578125,600.6507023011613,598.63858655254,599.2729726056397,8130500
0,0,0,0,0,0,3,4,14,5,8,5,5,7,16,7,7,24,0,0,0,0,1,2025-09-15,602.2465209960938,602.4249307098855,600.8687309581505,601.1363152796498,7710700
0,0,0,0,0,0,3,1,15,2,1,12,7,12,20,6,9,33,0,0,0,1,3,2025-09-16,601.4534912109375,603.0691608214436,600.729930642464,602.8114377427064,6393200
0,0,0,0,0,0,2,2,15,1,4,7,5,10,20,3,10,41,0,0,0,0,1,2025-09-17,600.759765625,602.9800562560589,596.2596539546817,601.5031697469196,11613600
0,0,0,0,0,0,2,3,22,2,5,7,5,12,23,4,20,39,0,0,0,0,1,2025-09-18,603.5846557617188,605.9338078641088,601.7311063897635,603.1980711123684,11057500
0,0,0,0,0,0,4,2,22,7,3,15,4,4,20,2,6,30,0,0,0,0,1,2025-09-19,606.3997802734375,607.2819072630477,603.4954946782638,605.2499479186928,6065700
0,0,0,0,0,0,6,2,16,4,6,9,10,5,16,7,8,35,0,0,0,0,1,2025-09-22,609.353515625,609.8094314455861,605.1408921617503,605.1508138966994,11583800
0,0,0,0,0,0,5,6,21,2,10,8,6,10,17,6,10,26,0,0,0,1,3,2025-09-23,606.1618041992188,609.8491202066346,604.9724059694563,609.3039692682628,10753000
0,0,0,0,0,0,2,7,18,1,3,7,2,6,13,2,8,20,0,0,0,0,1,2025-09-24,604.1397094726562,607.3512053855185,602.8412327795328,607.2421873078496,23787300
0,0,0,0,0,0,2,2,18,2,2,6,1,10,15,7,13,28,0,0,0,0,1,2025-09-25,601.25537109375,602.5835525851626,598.043814453883,601.2850757996024,6965700
0,0,0,0,0,0,0,4,19,2,7,7,9,27,27,3,11,34,0,0,0,0,1,2025-09-26,604.7938842773438,605.3291739335754,601.235490629035,602.6826723499571,6438600
0,0,0,0,0,0,1,4,19,4,2,8,18,12,38,4,12,45,20,16,115,0,1,2025-09-29,606.4937744140625,608.0345246465214,604.8535837551024,607.1498142748059,5658800
0,0,0,0,0,0,2,4,27,2,6,14,19,21,47,2,7,30,23,34,156,1,3,2025-09-30,608.7303466796875,609.2074665640926,604.6448559909707,605.7979159354161,6515700
0,0,0,0,0,0,1,7,21,2,3,9,9,25,31,3,12,53,18,38,174,0,1,2025-10-01,610.9072875976562,611.7224078350231,605.9370866415643,606.0663167201345,10020000
33,474,362,35,469,366,3,8,25,1,5,10,17,42,49,3,19,59,22,33,182,0,1,2025-10-02,611.5831909179688,612.8058408648926,609.3665008395244,612.7362507751188,7139500
11,30,90,15,30,85,2,2,8,3,4,2,7,11,23,1,8,33,10,24,135,0,1,2025-10-03,611.6329345703125,614.7343351996467,610.6289442417741,612.2790849811738,7210700
0,0,0,0,0,0,0,0,0,24,75,43,0,0,0,0,0,0,0,0,0,0,1,2025-10-16,603.7701416015625,611.1359533976733,600.5395106842253,609.4560228938019,7594800
0,0,0,0,0,0,35,40,116,31,96,43,0,0,0,0,0,0,0,0,0,0,1,2025-10-17,607.1199951171875,608.3724954618767,601.4936936753926,602.7263544728665,6911000
0,0,0,0,0,0,26,50,158,31,100,76,0,0,0,0,0,0,0,0,0,0,1,2025-10-20,613.4917602539062,614.3267806996383,609.8535998943682,609.8535998943682,4086200
0,0,0,0,0,0,76,51,189,53,92,95,0,0,0,0,0,0,0,0,0,1,3,2025-10-21,613.4122924804688,615.0524224043328,612.3088617504234,613.6508524205653,4216200
0,0,0,0,0,0,3,7,18,3,6,16,0,0,0,0,0,0,0,0,0,0,1,2025-10-22,610.310791015625,614.1478320372524,606.1955109774236,614.1478320372524,6961600
0,0,0,0,0,0,8,8,15,8,6,8,0,0,0,0,0,0,0,0,0,0,1,2025-10-23,613.7601928710938,614.7840227435737,610.3307419945351,610.5892021578989,5851800
0,0,0,0,0,0,6,6,19,6,2,12,0,0,0,0,0,0,0,0,0,0,1,2025-10-24,618.8397216796875,620.0723218348116,617.50774177195,618.2134714925842,5694900
0,0,0,0,0,0,3,4,11,5,11,16,0,0,0,0,0,0,0,0,0,0,1,2025-10-27,626.2453002929688,626.5335500974327,623.42219954544,623.9987598257642,7804300
0,0,0,0,0,0,9,11,15,8,9,12,0,0,0,0,0,0,0,0,0,1,3,2025-10-28,627.9252319335938,629.6151123421238,625.8874617371589,627.9451321516672,5625600
0,0,0,0,0,0,2,6,7,2,2,1,0,0,0,0,0,0,0,0,0,0,1,2025-10-29,628.1837158203125,630.3507161733162,624.1280148208657,629.4362161783326,6104500
0,0,0,0,0,0,7,5,10,20,2,4,0,0,0,0,0,0,0,0,0,0,1,2025-10-30,621.513671875,626.8715630015012,621.37449168879,625.0624025949658,6243300
0,0,0,0,0,0,5,4,7,4,5,7,35,92,50,0,0,0,0,0,0,0,1,2025-10-31,623.3029174804688,626.185658200983,620.7780773263205,626.0862784539568,7058600
0,0,0,0,0,0,5,6,14,2,5,13,68,132,87,13,56,19,0,0,0,0,1,2025-11-03,624.525634765625,626.7820646868271,621.4341237378264,626.6627847205696,5568100
93,593,313,99,543,357,3,9,26,63,75,50,72,279,184,144,674,94,108,396,496,1,3,2025-11-04,617.2890014648438,621.4440821352898,616.5037315646089,617.9451019594076,8390500
0,0,0,0,0,0,67,53,19,63,35,8,0,0,0,0,0,0,0,0,0,0,1,2025-11-05,619.1478271484375,622.2691277497228,616.135917072832,616.8913972867884,10323100
0,0,0,0,0,0,2,10,15,4,7,3,0,0,0,0,0,0,0,0,0,0,1,2025-11-06,612.5673217773438,619.0782729385742,611.1558016844767,618.2532632578175,7099400
0,0,0,0,0,0,26,146,46,2,67,6,0,0,0,0,0,0,0,0,0,0,1,2025-11-07,613.2134399414062,613.3426700140377,604.2968682868144,610.430139668182,7571300
0,0,0,0,0,0,31,10,21,1,5,4,0,0,0,0,0,0,0,0,0,0,1,2025-11-10,622.736328125,623.471968828887,616.9609570533538,618.978887759439,8425000
0,0,0,0,0,0,50,13,35,8,20,34,0,0,0,0,0,0,0,0,0,1,3,2025-11-12,624.4758911132812,626.016701925343,622.3685307909411,625.8974219577688,6090200
0,0,0,0,0,0,18,33,35,3,12,12,0,0,0,0,0,0,0,0,0,1,2,2025-11-13,614.306884765625,622.2890565805263,612.8357247053674,621.9411061126289,13065800
0,0,0,0,0,0,6,2,20,0,2,1,0,0,0,0,0,0,0,0,0,0,1,2025-11-14,614.1478881835938,617.517638430504,606.1955663967515,608.1041066376015,9681700
0,0,0,0,0,0,2,0,12,1,2,3,0,0,0,0,0,0,0,0,0,0,1,2025-11-17,608.3923950195312,615.7582675174145,605.1816643094512,612.0703562133288,8902500
0,0,0,0,0,0,7,7,14,2,6,17,0,0,0,0,0,0,0,0,0,1,3,2025-11-18,603.3824462890625,607.865577632012,599.4062851932532,605.0921664379869,8542600
0,0,0,0,0,0,7,5,34,6,12,16,0,0,0,0,0,0,0,0,0,0,1,2025-11-19,605.5693359375,609.9132870014175,602.0603447124275,603.8993555884074,7449400
0,0,0,0,0,0,6,6,21,4,10,2,0,0,0,0,0,0,0,0,0,0,1,2025-11-20,596.3843994140625,617.4282141368624,595.7879388720404,615.0325432018316,13985000
0,0,0,0,0,0,3,4,29,4,8,9,0,0,0,0,0,0,0,0,0,0,1,2025-11-21,602.3187866210938,607.3685279551662,594.8137950520459,598.6607258714304,9821400
0,0,0,0,0,0,4,7,9,3,4,3,0,0,0,0,0,0,0,0,0,0,1,2025-11-24,611.2750244140625,612.4181948030304,604.6845336661578,605.648784116846,6242700
0,0,0,0,0,0,4,6,21,7,69,43,0,0,0,0,0,0,0,0,0,1,3,2025-11-25,616.9609375,618.0444679671622,607.34858616432,611.1160371911918,7389500
0,0,0,0,0,0,1,8,14,12,40,47,0,0,0,0,0,0,0,0,0,0,1,2025-11-26,621.2254638671875,623.0743641635969,618.5514931786121,619.3467132411256,5323200
0,0,0,0,0,0,3,6,13,7,28,22,21,61,65,0,0,0,0,0,0,0,1,2025-11-28,624.664794921875,624.8835153218425,621.9809348350611,622.299034989577,2953200
0,0,0,0,0,0,1,9,11,9,28,27,44,116,87,0,0,0,18,63,239,1,2,2025-12-01,621.7920532226562,624.2672036446949,620.3804724373059,620.4500625327584,9191600
0,0,0,0,0,0,2,5,30,9,19,32,35,134,206,0,0,0,21,53,130,1,3,2025-12-02,622.845703125,625.0226535116376,620.8973625613007,623.2731331150744,5280600
103,322,575,159,287,554,8,22,32,6,16,28,22,84,125,0,0,0,24,28,139,0,1,2025-12-03,625.0226440429688,626.0266343011092,621.2254033923623,622.0405235952942,6338400
0,0,0,0,0,0,5,13,13,0,0,0,0,0,0,0,0,0,0,0,0,0,1,2025-12-04,625.5494384765625,626.4241986402018,622.7462380437266,626.3745087682348,5147700
0,0,0,0,0,0,3,9,15,0,0,0,0,0,0,0,0,0,0,0,0,0,1,2025-12-05,626.7224731445312,629.2075737526369,625.728432901289,626.5435531813158,5693100
0,0,0,0,0,0,4,12,19,0,0,0,0,0,0,0,0,0,0,0,0,0,1,2025-12-08,624.8635864257812,627.7065267950836,622.9649963669528,627.5971969358177,6876700
0,0,0,0,0,0,9,10,47,0,0,0,0,0,0,0,0,0,0,0,0,1,3,2025-12-09,624.3566284179688,626.4540993605336,623.9192483009646,624.4361686223511,12849000
0,0,0,0,0,0,5,5,24,0,4,4,0,0,0,0,0,0,0,0,0,0,1,2025-12-10,628.3923950195312,629.7343856259172,622.7363041347564,623.889424685639,22457400
0,0,0,0,0,0,4,21,44,10,32,14,0,0,0,0,0,0,0,0,0,0,1,2025-12-11,629.9332275390625,630.0922472732628,623.5316063201866,626.245316610652,33921000
0,0,0,0,0,0,3,9,27,23,23,21,0,0,0,0,0,0,0,0,0,0,1,2025-12-12,623.1339721679688,629.6548734201248,620.7582015408516,629.0286232435809,8534700
0,0,0,0,0,0,6,7,34,14,24,21,0,0,0,0,0,0,0,0,0,0,1,2025-12-15,622.2294311523438,626.8019918458085,620.8477007005091,626.8019918458085,11337200
0,0,0,0,0,0,12,10,43,25,48,45,0,0,0,0,0,0,0,0,0,1,3,2025-12-16,620.4898681640625,622.487838044206,616.9510874043185,620.8278078632031,15819600
0,0,0,0,0,0,4,9,27,5,14,13,0,0,0,0,0,0,0,0,0,0,1,2025-12-17,613.6707153320312,621.9113477169055,613.4818452603641,621.4640174764938,21356900
0,0,0,0,0,0,3,10,27,13,15,15,0,0,0,0,0,0,0,0,0,0,1,2025-12-18,618.302978515625,622.2095493727335,616.8715581451928,619.3367585220589,37062400
0,0,0,0,0,0,1,10,23,8,24,20,0,0,0,0,0,0,0,0,0,0,1,2025-12-19,623.8198852539062,624.3864954664299,620.1419242630724,620.2612042371405,10487000
0,0,0,0,0,0,2,6,28,15,39,20,0,0,0,0,0,0,0,0,0,0,1,2025-12-22,627.7484130859375,628.2867528109041,625.8244935060131,626.9907948382787,9850100
0,0,0,0,0,0,10,30,60,26,47,44,0,0,0,0,0,0,0,0,0,1,3,2025-12-23,630.67919921875,630.8885603281927,626.9409991129198,626.9609556499431,13798500
0,0,0,0,0,0,7,13,27,2,12,16,0,0,0,0,0,0,0,0,0,0,1,2025-12-24,632.7825927734375,633.320871673865,630.54959018221,630.6791859839406,3275200
0,0,0,0,0,0,4,10,28,1,20,22,0,0,0,6,2,16,0,0,0,0,1,2025-12-26,632.8424072265625,634.0784956451618,631.8854061074372,633.1414510628205,3852100
0,0,0,0,0,0,2,15,29,6,26,26,1,9,15,33,84,172,0,0,0,1,2,2025-12-29,630.6094360351562,631.7956940140008,628.9646644322377,630.3103921839986,6579400
0,0,0,0,0,0,5,18,51,6,31,43,54,165,247,30,77,158,0,0,0,1,3,2025-12-30,629.732177734375,631.2175403545457,629.423155625341,630.2107087222766,4180400
26,78,119,0,0,0,3,11,20,16,25,22,40,82,100,13,37,114,0,0,0,0,1,2025-12-31,625.1566772460938,630.1509225120875,624.9672726664797,629.9515396635827,5556800
68,137,330,111,141,473,8,13,42,20,33,47,51,94,142,33,71,154,138,171,691,0,1,2026-01-02,626.3229370117188,629.6723496085568,623.2426942846066,628.6556005821125,11337000
0,0,0,0,0,0,0,0,0,5,27,23,0,0,0,0,0,0,0,0,0,1,2,2026-01-13,636.0223999023438,638.1357242292579,633.8193319990434,637.667171495868,8860000
0,0,0,0,0,0,0,0,0,12,28,29,0,0,0,0,0,0,0,0,0,0,1,2026-01-14,632.9420776367188,634.1183573055588,629.0144729471913,633.4903348185279,8683400
0,0,0,0,0,0,0,0,0,17,25,32,0,0,0,0,0,0,0,0,0,0,1,2026-01-15,634.6167602539062,637.5674680057444,633.6996722290087,636.7600192444881,6937000
0,0,0,0,0,0,5,4,23,3,15,12,0,0,0,0,0,0,0,0,0,0,1,2026-01-16,634.0885009765625,636.5008691494698,632.6829036215094,635.9526119524139,6733700
0,0,0,0,0,0,6,10,44,4,15,14,0,0,0,0,0,0,0,0,0,0,1,2026-01-20,621.189208984375,627.7783952333785,620.262081797702,624.7878350890451,14877600
0,0,0,0,0,0,10,38,88,12,38,39,0,0,0,0,0,0,0,0,0,1,4,2026-01-21,628.3067016601562,631.4069619456919,621.6876413873049,623.0533256649838,10403800
0,0,0,0,0,0,9,12,57,5,12,20,0,0,0,0,0,0,0,0,0,0,1,2026-01-22,631.5763549804688,633.6198920846093,629.7620746664077,632.4336342193808,6085500
0,0,0,0,0,0,12,23,66,10,21,22,0,0,0,0,0,0,0,0,0,0,1,2026-01-23,631.8355712890625,633.4703645304628,629.9813778307397,630.8885484448035,5850400
0,0,0,0,0,0,12,17,60,8,20,26,0,0,0,0,0,0,0,0,0,0,1,2026-01-26,635.0853271484375,636.3812243340543,632.5234067392744,633.0318116823709,9007400
0,0,0,0,0,0,9,21,64,25,47,57,0,0,0,0,0,0,0,0,0,1,3,2026-01-27,637.6870727539062,638.5842042244849,635.8628141657504,636.4110713160646,4339600
0,0,0,0,0,0,5,9,31,9,22,24,0,0,0,0,0,0,0,0,0,0,1,2026-01-28,637.58740234375,639.7904702337662,636.2117398014742,639.032851924327,5568700
0,0,0,0,0,0,18,22,59,10,31,21,0,0,0,0,0,0,0,0,0,0,1,2026-01-29,636.2615966796875,639.0228390403352,627.8381738425048,638.4147731092087,8697200
0,0,0,0,0,0,11,14,43,6,22,21,0,0,0,0,0,0,0,0,0,0,1,2026-01-30,634.218017578125,636.4410419515368,629.9614950902494,634.2479523837117,6562300
0,0,0,0,0,0,11,16,32,16,17,15,35,81,63,25,80,115,0,0,0,0,1,2026-02-02,637.6671142578125,638.9431156917317,632.0747818242223,632.1844210853287,9490300
130,418,452,151,316,533,17,32,90,44,59,60,136,335,350,79,280,421,122,304,574,1,3,2026-02-03,632.1546020507812,638.9830234398476,627.1304220220587,638.315148704146,9702800
0,0,0,0,0,0,0,0,0,3,3,5,0,0,0,0,0,0,0,0,0,0,1,2026-02-05,621.1392822265625,626.7715278478421,619.5443412444276,624.269416268178,11714700
0,0,0,0,0,0,0,0,0,8,12,18,0,0,0,0,0,0,0,0,0,0,1,2026-02-06,633.2410888671875,634.7164123007573,624.2295568204432,624.7478791699393,12987900
0,0,0,0,0,0,0,0,0,3,16,18,0,0,0,0,0,0,0,0,0,0,1,2026-02-09,636.2216796875,637.9761512786496,631.1177955185733,632.0747966164091,8908500
0,0,0,0,0,0,0,0,0,21,62,36,0,0,0,0,0,0,0,0,0,1,3,2026-02-10,634.4373779296875,638.6042178247523,634.0785253093898,637.1288942681263,13645300
0,0,0,0,0,0,0,0,0,7,17,9,0,0,0,0,0,0,0,0,0,0,1,2026-02-11,634.3475952148438,639.1325398960017,631.8455444528879,638.4745826229479,5345000
0,0,0,0,0,0,1,1,1,6,12,15,0,0,0,0,0,0,0,0,0,0,1,2026-02-12,624.5186767578125,637.5077057629776,623.7909932456909,636.5008740941993,8951100
0,0,0,0,0,0,9,10,33,8,15,18,0,0,0,0,0,0,0,0,0,0,1,2026-02-13,624.9174194335938,629.1839201895053,621.1592627846891,624.9572716646039,9312800
0,0,0,0,0,0,7,20,24,9,11,26,0,0,0,0,0,0,0,0,0,0,1,2026-02-17,626.013916015625,627.947813918952,619.5543258756086,623.5716131766302,8718600
0,0,0,0,0,0,11,24,67,37,54,58,0,0,0,0,0,0,0,0,0,1,4,2026-02-18,629.1640014648438,631.8056262746594,626.0238891485947,627.1303817388545,9509200
0,0,0,0,0,0,8,7,39,7,11,22,0,0,0,0,0,0,0,0,0,0,1,2026-02-19,627.5491333007812,629.0942438607823,624.8376604869816,626.9709413081965,5212400
0,0,0,0,0,0,11,13,32,10,14,18,0,0,0,0,0,0,0,0,0,0,1,2026-02-20,632.0249633789062,632.5831988061159,625.0569683853632,625.5055037062776,7482000
0,0,0,0,0,0,7,16,31,8,12,18,0,0,0,0,0,0,0,0,0,0,1,2026-02-23,625.6550903320312,632.613107438793,623.781001114451,630.6194006833334,10868700
0,0,0,0,0,0,20,22,107,20,29,49,0,0,0,0,0,0,0,0,0,1,3,2026-02-24,630.220703125,631.0979389749934,623.4321339778913,625.1766274090892,6930300
0,0,0,0,0,0,12,20,77,4,7,23,0,0,0,0,0,0,0,0,0,0,1,2026-02-25,635.52392578125,635.9924176365773,632.7426660811561,632.7726008854187,12135200
0,0,0,0,0,0,12,18,42,4,20,15,0,0,0,0,0,0,0,0,0,0,1,2026-02-26,631.9552001953125,635.7631873344244,627.4494035350784,635.6435697985864,9497700
0,0,0,0,0,0,16,26,64,4,13,18,0,0,0,0,0,0,0,0,0,0,1,2026-02-27,629.0543212890625,629.7023003091678,624.9672468574614,626.2631440545715,10471100
0,0,0,0,0,0,5,17,46,7,13,16,0,0,0,4,8,19,0,0,0,0,1,2026-03-02,629.2936401367188,631.3471556958345,621.637752524395,622.2259227981638,9211400
95,319,586,114,300,586,12,14,98,56,20,55,154,353,493,94,340,535,94,206,700,1,3,2026-03-03,623.7510375976562,625.8145312957482,613.9420348844322,618.8565145092585,18493400
0,0,0,0,0,0,2,1,2,9,7,12,0,0,0,0,0,0,0,0,0,0,1,2026-03-16,613.2542114257812,616.1351321936789,611.6093790701457,612.7856587154628,8303200
0,0,0,0,0,0,27,24,75,31,30,56,0,0,0,0,0,0,0,0,0,1,3,2026-03-17,614.9488525390625,618.3182215917396,614.3308083547819,616.4241759669457,9941800
0,0,0,0,0,0,4,8,39,15,15,28,0,0,0,0,0,0,0,0,0,0,1,2026-03-18,606.4656372070312,613.9520154926196,606.21642387312,612.755779321226,14276900
0,0,0,0,0,0,6,7,105,7,9,18,0,0,0,0,0,0,0,0,0,0,1,2026-03-19,604.8407592773438,607.7715105075661,600.6439848455091,602.238986682796,10271900
0,0,0,0,0,0,6,5,45,12,17,27,0,0,0,0,0,0,0,0,0,0,1,2026-03-20,596.0584716796875,603.6943412769623,592.6990808864354,603.5248932500269,17685700
0,0,0,0,0,0,9,11,48,23,20,31,0,0,0,0,0,0,0,0,0,0,1,2026-03-23,602.528076171875,609.107344931135,601.1623919200568,604.9504225639998,24014300
0,0,0,0,0,0,10,15,62,48,37,67,0,0,0,0,0,0,0,0,0,1,3,2026-03-24,600.4844970703125,604.0033575888065,597.4341283991844,598.7400037913939,18363300
0,0,0,0,0,0,3,7,34,17,19,32,0,0,0,0,0,0,0,0,0,0,1,2026-03-25,603.754150390625,607.5222851160179,601.4613999408256,605.4887262623266,23288300
0,0,0,0,0,0,6,10,52,20,17,30,0,0,0,0,0,0,0,0,0,0,1,2026-03-26,593.0479736328125,602.0096754492398,592.8087385654484,599.407902827006,7712600
0,0,0,0,0,0,10,13,47,27,22,33,0,0,0,0,0,0,0,0,0,0,1,2026-03-27,582.9600219726562,590.8300170898438,582.030029296875,590.6799926757812,11707700
0,0,0,0,0,0,15,9,31,16,12,23,0,0,0,0,0,0,0,0,0,0,1,2026-03-30,580.9299926757812,588.6699829101562,578.4600219726562,588.3900146484375,11839200
0,0,0,0,0,0,14,14,55,24,14,46,0,0,0,0,0,0,0,0,0,1,3,2026-03-31,597.5499877929688,598.8499755859375,586.5,587.3499755859375,12447300
0,0,0,0,0,0,5,12,22,7,10,21,38,31,63,9,9,29,0,0,0,0,1,2026-04-01,602.2999877929688,605.3499755859375,600.27001953125,601.0599975585938,11332500
0,0,0,0,0,0,6,15,59,8,15,23,81,134,260,42,135,280,0,0,0,0,1,2026-04-02,602.989990234375,604.7899780273438,593.030029296875,594.22998046875,12780100
0,0,0,0,0,0,0,0,0,7,5,19,0,0,0,0,0,0,0,0,0,0,1,2026-04-06,605.6699829101562,606.4400024414062,602.6099853515625,602.9199829101562,6316800
0,0,0,0,0,0,0,0,0,5,9,47,0,0,0,0,0,0,0,0,0,1,3,2026-04-07,606.0399780273438,606.3099975585938,598.5,603.5800170898438,6690000
0,0,0,0,0,0,0,0,0,4,8,22,0,0,0,0,0,0,0,0,0,0,1,2026-04-08,621.3400268554688,622.489990234375,617.2999877929688,621.7999877929688,9805100
0,0,0,0,0,0,2,0,8,3,15,16,0,0,0,0,0,0,0,0,0,0,1,2026-04-09,625.02001953125,626.1699829101562,619.4000244140625,620.3400268554688,5498300
0,0,0,0,0,0,8,7,29,11,15,19,0,0,0,0,0,0,0,0,0,0,1,2026-04-10,624.5999755859375,626.989990234375,623.719970703125,626.3300170898438,4609400
0,0,0,0,0,0,12,10,39,7,11,25,0,0,0,0,0,0,0,0,0,0,1,2026-04-13,630.719970703125,630.9000244140625,621.97998046875,622.75,5158400
0,0,0,0,0,0,16,10,64,12,16,31,0,0,0,0,0,0,0,0,0,1,3,2026-04-14,638.3499755859375,638.52001953125,632.219970703125,632.22998046875,5042900
0,0,0,0,0,0,3,8,34,8,10,18,0,0,0,0,0,0,0,0,0,0,1,2026-04-15,643.4500122070312,643.7899780273438,638.22998046875,639.1900024414062,5165600
0,0,0,0,0,0,2,10,52,7,13,47,0,0,0,0,0,0,0,0,0,0,1,2026-04-16,644.8599853515625,646.0700073242188,642.1500244140625,644.510009765625,5882400
0,0,0,0,0,0,12,9,45,10,12,21,0,0,0,0,0,0,0,0,0,0,1,2026-04-17,652.780029296875,654.8800048828125,648.8599853515625,649.1799926757812,7815300
0,0,0,0,0,0,2,8,37,0,12,7,0,0,0,0,0,0,0,0,0,0,1,2026-04-20,651.5399780273438,652.5999755859375,649.1699829101562,651.6199951171875,6384100
0,0,0,0,0,0,3,12,64,16,28,73,0,0,0,0,0,0,0,0,0,1,3,2026-04-21,647.25,653.8599853515625,645.9400024414062,652.9400024414062,8514900
0,0,0,0,0,0,2,5,48,7,13,28,0,0,0,0,0,0,0,0,0,0,1,2026-04-22,653.9000244140625,654.1900024414062,651.0900268554688,651.97998046875,4537200
0,0,0,0,0,0,3,10,30,8,15,30,0,0,0,0,0,0,0,0,0,0,1,2026-04-23,651.260009765625,654.9000244140625,645.6599731445312,652.22998046875,6519500
0,0,0,0,0,0,3,9,35,4,15,15,0,0,0,0,0,0,0,0,0,0,1,2026-04-24,656.4199829101562,656.8200073242188,651.8200073242188,653.4000244140625,4793800
0,0,0,0,0,0,4,16,30,5,19,9,0,0,0,0,0,0,0,0,0,0,1,2026-04-27,657.5,657.9000244140625,654.8400268554688,655.6699829101562,5319200
0,0,0,0,0,0,4,13,39,12,21,35,0,0,0,0,0,0,0,0,0,1,3,2026-04-28,654.260009765625,655.3900146484375,652.010009765625,654.4099731445312,5527100
0,0,0,0,0,0,6,16,27,3,7,14,0,0,0,0,0,0,0,0,0,0,1,2026-04-29,654.239990234375,654.719970703125,651.260009765625,653.6199951171875,6302000
0,0,0,0,0,0,3,11,35,7,13,14,0,0,0,0,0,0,0,0,0,0,1,2026-04-30,660.5800170898438,661.77001953125,653.1500244140625,657.0,5948400
0,0,0,0,0,0,6,18,38,7,16,19,0,0,0,0,0,0,0,0,0,0,1,2026-05-01,662.52001953125,666.4199829101562,662.3800048828125,663.0900268554688,5426500
0,0,0,0,0,0,4,14,29,10,22,14,61,298,200,41,202,268,0,0,0,0,1,2026-05-04,660.1199951171875,663.8499755859375,657.3900146484375,661.989990234375,5962400
92,372,536,155,316,529,5,7,24,5,13,19,57,240,144,62,181,246,72,202,726,1,2,2026-05-05,665.2999877929688,666.5499877929688,663.3300170898438,663.5800170898438,5052600
0,0,0,0,0,0,0,0,0,5,6,12,0,0,0,0,0,0,0,0,0,0,1,2026-05-06,674.6599731445312,675.3400268554688,669.1500244140625,669.4500122070312,6441500
0,0,0,0,0,0,0,0,0,3,11,12,0,0,0,0,0,0,0,0,0,0,1,2026-05-07,672.5399780273438,676.760009765625,670.9199829101562,675.8200073242188,6260300
0,0,0,0,0,0,3,12,17,4,9,13,0,0,0,0,0,0,0,0,0,0,1,2026-05-08,678.0399780273438,678.530029296875,675.3699951171875,675.7000122070312,4348100
0,0,0,0,0,0,4,18,29,9,16,15,0,0,0,0,0,0,0,0,0,0,1,2026-05-11,679.52001953125,681.0599975585938,677.0800170898438,677.0800170898438,5693400
0,0,0,0,0,0,8,24,53,10,29,42,0,0,0,0,0,0,0,0,0,1,3,2026-05-12,678.6699829101562,679.260009765625,672.7999877929688,677.469970703125,6073400
0,0,0,0,0,0,7,14,22,8,10,12,0,0,0,0,0,0,0,0,0,0,1,2026-05-13,682.4099731445312,683.9099731445312,676.2000122070312,678.9000244140625,4918000
0,0,0,0,0,0,6,10,44,18,19,18,0,0,0,0,0,0,0,0,0,0,1,2026-05-14,687.72998046875,689.0999755859375,683.6599731445312,683.739990234375,5370000
0,0,0,0,0,0,5,18,33,15,14,16,0,0,0,0,0,0,0,0,0,0,1,2026-05-15,679.4400024414062,683.52001953125,678.4400024414062,682.0399780273438,6448500
0,0,0,0,0,0,4,9,43,13,16,31,0,0,0,0,0,0,0,0,0,0,1,2026-05-18,678.9099731445312,681.6099853515625,674.25,680.1799926757812,7585400
0,0,0,0,0,0,7,29,67,31,41,87,0,0,0,0,0,0,0,0,0,1,3,2026-05-19,674.5900268554688,678.1500244140625,672.5499877929688,675.5599975585938,5664200
0,0,0,0,0,0,2,18,27,12,18,24,0,0,0,0,0,0,0,0,0,0,1,2026-05-20,681.5700073242188,682.0,674.739990234375,676.3200073242188,5506800
0,0,0,0,0,0,5,7,61,14,22,31,0,0,0,0,0,0,0,0,0,0,1,2026-05-21,682.8400268554688,684.8300170898438,677.6199951171875,679.0800170898438,7335400
0,0,0,0,0,0,5,11,35,10,26,31,0,0,0,0,0,0,0,0,0,0,1,2026-05-22,685.5499877929688,688.5800170898438,684.47998046875,686.0999755859375,4319800
0,0,0,0,0,0,7,8,49,8,18,21,0,0,0,0,0,0,0,0,0,0,1,2026-05-26,690.010009765625,691.510009765625,688.0800170898438,689.6500244140625,6633800
0,0,0,0,0,0,4,17,55,8,36,41,0,0,0,0,0,0,0,0,0,1,4,2026-05-27,689.9600219726562,690.780029296875,687.9199829101562,690.3599853515625,7386500
0,0,0,0,0,0,3,5,31,5,11,15,0,0,0,0,0,0,0,0,0,0,1,2026-05-28,693.9099731445312,694.2899780273438,688.8499755859375,689.760009765625,8477100
0,0,0,0,0,0,3,7,35,2,6,12,20,80,80,23,64,93,0,0,0,0,1,2026-05-29,695.489990234375,697.0,693.8900146484375,695.0,5080400
0,0,0,0,0,0,14,14,45,5,9,17,48,146,119,52,100,205,0,0,0,0,1,2026-06-01,697.2999877929688,699.0599975585938,693.9400024414062,694.5399780273438,10051200
104,337,498,92,301,527,6,6,33,7,13,20,62,194,226,54,152,245,93,221,649,1,3,2026-06-02,698.260009765625,699.1500244140625,695.780029296875,696.0599975585938,4714200
